first,last,email,phone,doc_type,doc_num,expiry
Alice,Smith,alice@ex.com,555-0101,PASSPORT,A1234567,2030-01-01
Bob,Jones,bob@ex.com,555-0102,VISA,V9876543,2025-12-31
Charlie,Brown,charlie@ex.com,555-0103,PR_CARD,PR112233,2028-05-20
David,Lee,dlee@ex.com,555-0104,PASSPORT,C9988776,2028-07-15
Eva,Green,eva@ex.com,555-0105,PASSPORT,E5544332,2027-11-11
Frank,White,frank@ex.com,555-0106,PASSPORT,F1122334,2029-02-28
Grace,Hopper,grace@ex.com,555-0107,VISA,G9988776,2026-03-15
Hank,Aaron,hank@ex.com,555-0108,PR_CARD,H4455667,2031-04-10
Ivy,League,ivy@ex.com,555-0109,PASSPORT,I7788990,2032-05-20
Jack,Black,jack@ex.com,555-0110,VISA,J1122335,2025-10-10
Kate,Winslet,kate@ex.com,555-0111,PASSPORT,K2233445,2028-09-09
Leo,DiCaprio,leo@ex.com,555-0112,PASSPORT,L9988771,2029-12-12
Mike,Myers,mike@ex.com,555-0113,PR_CARD,M3344556,2030-06-30
Nina,Simone,nina@ex.com,555-0114,VISA,N7788991,2026-08-08
Oscar,Wilde,oscar@ex.com,555-0115,PASSPORT,O5566778,2033-01-01
Paul,McCartney,paul@ex.com,555-0116,PASSPORT,P1122339,2027-04-04
Quincy,Jones,quincy@ex.com,555-0117,PR_CARD,Q9988772,2031-11-15
Rachel,Green,rachel@ex.com,555-0118,VISA,R4455668,2025-09-20
Steve,Jobs,steve@ex.com,555-0119,PASSPORT,S2233446,2028-10-10
Tom,Hanks,tom@ex.com,555-0120,PASSPORT,T7788992,2030-03-03
